"","ID","Age","BusinessTravel","DailyRate","Department","DistanceFromHome","Education","EducationField","EmployeeCount","EmployeeNumber","EnvironmentSatisfaction","Gender","HourlyRate","JobInvolvement","JobLevel","JobRole","JobSatisfaction","MaritalStatus","MonthlyIncome","MonthlyRate","NumCompaniesWorked","Over18","OverTime","PercentSalaryHike","PerformanceRating","RelationshipSatisfaction","StandardHours","StockOptionLevel","TotalWorkingYears","TrainingTimesLastYear","WorkLifeBalance","YearsAtCompany","YearsInCurrentRole","YearsSinceLastPromotion","YearsWithCurrManager","Attrition"
"1",1171,35,2,750,2,28,3,5,1,1596,2,0,46,4,2,8,3,2,3407,25348,1,0,0,17,3,4,80,2,10,3,2,10,9,6,8,"0"
"2",1172,33,2,147,2,2,3,5,1,1207,2,0,99,3,1,8,3,2,3600,8429,1,0,0,13,3,4,80,1,5,2,3,5,4,1,4,"0"
"3",1173,26,2,1330,2,21,3,5,1,1107,1,0,37,3,1,8,3,2,2377,19373,1,0,0,20,4,3,80,1,1,0,2,1,1,0,0,"0"
"4",1174,55,2,1311,2,2,3,5,1,505,3,0,97,3,4,8,4,2,16659,23258,2,0,0,13,3,3,80,0,30,2,3,5,4,1,2,"0"
"5",1175,29,2,1246,2,19,3,5,1,1497,3,0,77,2,2,8,3,2,8620,23757,1,0,0,14,3,3,80,2,10,3,3,10,7,0,4,"0"
"6",1176,51,2,1456,2,1,4,5,1,145,1,0,30,2,3,8,1,2,7484,25796,3,0,0,20,4,3,80,0,23,1,2,13,12,12,8,"0"
"7",1177,52,2,585,2,29,4,5,1,2019,1,0,40,3,1,8,4,2,3482,19788,2,0,0,15,3,2,80,2,16,3,2,9,8,0,0,"0"
"8",1178,39,2,1387,2,10,5,5,1,1618,2,0,76,3,2,8,1,2,5377,3835,2,0,0,13,3,4,80,3,10,3,3,7,7,7,7,"0"
"9",1179,31,2,1062,2,24,3,5,1,1252,3,0,96,2,2,8,1,2,6812,17198,1,0,0,19,3,2,80,0,10,2,3,10,9,1,8,"0"
"10",1180,31,2,534,2,20,3,5,1,587,1,0,66,3,3,8,3,2,9824,22908,3,0,0,12,3,1,80,0,12,2,3,1,0,0,0,"0"
"11",1181,40,2,1469,2,9,4,5,1,964,4,0,35,3,1,8,2,2,3617,25063,8,0,0,14,3,4,80,1,3,2,3,1,1,0,0,"0"
"12",1182,31,2,1082,2,1,4,5,1,95,3,0,87,3,1,8,2,2,2501,18775,1,0,0,17,3,2,80,0,1,4,3,1,1,1,0,"0"
"13",1183,33,2,775,2,4,3,5,1,1771,4,0,90,3,2,8,2,2,3055,6194,5,0,0,15,3,4,80,2,11,2,2,9,8,1,7,"0"
"14",1184,50,2,691,2,2,3,5,1,815,3,0,64,3,4,8,3,2,17639,6881,5,0,0,16,3,4,80,0,30,3,3,4,3,0,3,"0"
"15",1185,33,2,516,2,8,5,5,1,1515,4,0,69,3,2,8,3,2,6388,22049,2,0,0,17,3,1,80,0,14,6,3,0,0,0,0,"0"
"16",1186,42,2,335,2,23,2,5,1,1976,4,0,37,2,2,8,3,2,4332,14811,1,0,0,12,3,4,80,0,20,2,3,20,9,3,7,"0"
"17",1187,33,2,575,2,25,3,5,1,1545,4,0,44,2,2,8,2,2,4320,24152,1,0,0,13,3,4,80,0,5,2,3,5,3,0,2,"0"
"18",1188,29,2,694,2,1,3,5,1,1264,4,0,87,2,4,8,4,2,16124,3423,3,0,0,14,3,2,80,2,9,2,2,7,7,1,7,"0"
"19",1189,55,2,436,2,2,1,5,1,842,3,0,37,3,2,8,4,2,5160,21519,4,0,0,16,3,3,80,0,12,3,2,9,7,7,3,"0"
"20",1190,49,2,1184,2,11,3,5,1,840,3,0,43,3,3,8,4,2,7654,5860,1,0,0,18,3,1,80,2,9,3,4,9,8,7,7,"0"
"21",1191,32,2,267,2,29,4,5,1,2010,3,0,49,2,1,8,2,2,2837,15919,1,0,0,13,3,3,80,0,6,3,3,6,2,4,1,"0"
"22",1192,50,2,1126,2,1,2,5,1,997,4,0,66,3,4,8,4,2,17399,6615,9,0,0,22,4,3,80,1,32,1,2,5,4,1,3,"0"
"23",1193,54,2,157,2,10,3,5,1,1980,3,0,77,3,2,8,1,2,4440,25198,6,0,0,19,3,4,80,0,9,3,3,5,2,1,4,"0"
"24",1194,24,2,897,2,10,3,5,1,1746,1,0,59,3,1,8,4,2,2145,2097,0,0,0,14,3,4,80,1,3,2,3,2,2,2,1,"0"
"25",1195,45,2,1038,2,20,3,5,1,1460,2,0,95,1,3,8,1,2,10851,19863,2,0,0,18,3,2,80,1,24,2,3,7,7,0,7,"0"
"26",1196,36,2,635,2,10,4,5,1,592,2,0,32,3,3,8,4,2,9980,15318,1,0,0,14,3,4,80,0,10,3,2,10,3,9,7,"0"
"27",1197,41,2,552,2,4,3,5,1,1722,3,0,60,1,2,8,2,2,6430,20794,6,0,0,19,3,2,80,1,10,4,3,3,2,1,2,"0"
"28",1198,21,2,1343,2,22,1,5,1,669,3,0,49,3,1,8,3,2,3447,24444,1,0,0,11,3,3,80,0,3,2,3,3,2,1,2,"0"
"29",1199,36,2,335,2,17,2,5,1,1908,3,0,33,2,2,8,2,2,5507,16822,2,0,0,16,3,3,80,2,12,1,1,4,2,1,3,"0"
"30",1200,30,2,109,2,5,3,5,1,1017,2,0,60,3,1,8,2,2,2422,25725,0,0,0,17,3,1,80,0,4,3,3,3,2,1,2,"0"
"31",1201,35,2,146,2,2,4,5,1,1704,1,0,79,2,1,8,4,2,4930,13970,0,0,0,14,3,3,80,0,6,2,4,5,4,1,4,"0"
"32",1202,46,2,717,2,13,4,5,1,1727,3,0,34,3,2,8,2,2,5562,9697,6,0,0,14,3,4,80,0,19,3,3,10,7,0,9,"0"
"33",1203,39,2,903,2,2,5,5,1,985,1,0,41,4,3,8,3,2,7880,2560,0,0,0,18,3,4,80,0,9,3,3,8,7,0,7,"0"
"34",1204,35,2,185,2,23,4,5,1,1826,2,0,91,1,1,8,3,2,2705,9696,0,0,0,16,3,2,80,1,6,2,4,5,4,0,3,"0"
"35",1205,21,2,1334,2,10,3,5,1,1079,3,0,36,2,1,8,1,2,1416,17258,1,0,0,13,3,1,80,0,1,6,2,1,0,1,0,"0"
"36",1206,30,2,1358,2,16,1,5,1,1479,4,0,96,3,2,8,3,2,5301,2939,8,0,0,15,3,3,80,2,4,2,2,2,1,2,2,"0"
"37",1207,42,2,555,2,26,3,5,1,404,3,0,77,3,4,8,2,2,13525,14864,5,0,0,14,3,4,80,1,23,2,4,20,4,4,8,"0"
"38",1208,45,2,1297,2,1,4,5,1,1922,2,0,44,3,2,8,3,2,5399,14511,4,0,0,12,3,3,80,0,12,3,3,4,2,0,3,"0"
"39",1209,39,2,672,2,7,2,5,1,444,3,0,54,2,5,8,4,2,19272,21141,1,0,0,15,3,1,80,1,21,2,3,21,9,13,3,"0"
"40",1210,48,2,715,2,1,3,5,1,1263,4,0,76,2,5,8,4,2,18265,8733,6,0,0,12,3,3,80,0,25,3,4,1,0,0,0,"0"
"41",1211,38,2,364,2,3,5,5,1,193,4,0,32,3,2,8,3,2,4317,2302,3,0,0,20,4,2,80,0,19,2,3,3,2,2,2,"0"
"42",1212,21,2,546,2,5,1,5,1,1623,3,0,97,3,1,8,4,2,3117,26009,1,0,0,18,3,3,80,0,3,2,3,2,2,2,2,"0"
"43",1213,55,2,836,2,8,3,5,1,84,4,0,33,3,4,8,3,2,14756,19730,2,0,0,14,3,3,80,3,21,2,3,5,0,0,2,"0"
"44",1214,59,2,1429,2,18,4,5,1,1283,4,0,67,3,3,8,4,2,10512,20002,6,0,0,12,3,4,80,0,25,6,2,9,7,5,4,"0"
"45",1215,58,2,1145,2,9,3,5,1,214,2,0,75,2,1,8,2,2,3346,11873,4,0,0,20,4,2,80,1,9,3,2,1,0,0,0,"0"
"46",1216,49,2,1064,2,2,1,5,1,1941,2,0,42,3,5,8,4,2,19161,13738,3,0,0,15,3,4,80,0,28,3,3,5,4,4,3,"0"
"47",1217,52,2,1490,2,4,2,5,1,546,4,0,30,3,4,8,4,2,16555,10310,2,0,0,13,3,4,80,0,31,2,1,5,2,1,4,"0"
"48",1218,37,2,589,2,9,2,5,1,1787,2,0,46,2,2,8,2,2,4189,8800,1,0,0,14,3,1,80,2,5,2,3,5,2,0,3,"0"
"49",1219,37,2,1413,2,5,2,5,1,1440,3,0,84,4,1,8,3,2,3500,25470,0,0,0,14,3,1,80,0,7,2,1,6,5,1,3,"0"
"50",1220,26,2,921,2,1,1,5,1,1068,1,0,66,2,1,8,3,2,2007,25265,1,0,0,13,3,3,80,2,5,5,3,5,3,1,3,"0"
"51",1221,52,2,621,2,3,4,5,1,776,3,0,31,2,4,8,1,2,16856,10084,1,0,0,11,3,1,80,0,34,3,4,34,6,1,16,"0"
"52",1222,33,2,1392,2,3,4,5,1,5,4,0,56,3,1,8,3,2,2909,23159,1,0,0,11,3,3,80,0,8,3,3,8,7,3,0,"0"
"53",1223,32,2,300,2,1,3,5,1,882,4,0,61,3,1,8,4,2,2314,9148,0,0,0,12,3,2,80,1,4,2,3,3,0,0,2,"0"
"54",1224,51,2,1178,2,14,2,5,1,500,3,0,87,3,2,8,4,2,4936,14862,4,0,0,11,3,3,80,1,18,2,2,7,7,0,7,"0"
"55",1225,39,2,1329,2,4,4,5,1,182,4,0,47,2,2,8,3,2,5902,14590,4,0,0,14,3,3,80,1,17,1,4,15,11,5,9,"0"
"56",1226,39,2,1218,2,1,1,5,1,531,2,0,52,3,5,8,3,2,19197,8213,1,0,0,14,3,3,80,1,21,3,3,21,8,1,6,"0"
"57",1227,33,2,527,2,1,4,5,1,780,4,0,63,3,1,8,4,2,2686,5207,1,0,0,13,3,3,80,0,10,2,2,10,9,7,8,"0"
"58",1228,30,2,1400,2,3,3,5,1,562,3,0,53,3,1,8,4,2,2097,16734,4,0,0,15,3,3,80,1,9,3,1,5,3,1,4,"0"
"59",1229,30,2,979,2,15,2,5,1,1754,3,0,94,2,3,8,1,2,7140,3088,2,0,0,11,3,1,80,1,12,2,3,7,7,1,7,"0"
"60",1230,44,2,986,2,8,4,5,1,874,1,0,62,4,1,8,4,2,2818,5044,2,0,0,24,4,3,80,1,10,2,2,3,2,0,2,"0"
"61",1231,40,2,1398,2,2,4,5,1,558,3,0,79,3,5,8,3,2,18041,13022,0,0,0,14,3,4,80,0,21,2,3,20,15,1,12,"0"
"62",1232,31,2,741,2,2,4,5,1,1721,2,0,69,3,1,8,3,2,3477,18103,1,0,0,14,3,4,80,1,6,2,4,5,2,0,3,"0"
"63",1233,20,2,1097,2,11,3,5,1,1016,4,0,98,2,1,8,1,2,2600,18275,1,0,0,15,3,1,80,0,1,2,3,1,0,0,0,"0"
"64",1234,42,2,481,2,12,3,5,1,1167,3,0,44,3,4,8,1,2,13758,2447,0,0,0,12,3,2,80,0,22,2,2,21,9,13,14,"0"
"65",1235,32,2,495,2,10,3,5,1,1516,3,0,64,3,3,8,4,2,11244,21072,2,0,0,25,4,2,80,0,10,5,4,5,2,0,0,"0"
"66",1236,33,2,118,2,16,3,5,1,819,1,0,69,3,2,8,1,2,5324,26507,5,0,0,15,3,3,80,0,6,3,3,3,2,0,2,"0"
"67",1237,53,2,102,2,23,4,5,1,901,4,0,72,3,4,8,4,2,14275,20206,6,0,0,18,3,3,80,0,33,0,3,12,9,3,8,"0"
"68",1238,33,2,1111,2,5,1,5,1,1395,2,0,61,3,2,8,4,2,9998,19293,6,0,0,13,3,1,80,0,8,2,4,5,4,1,2,"0"
"69",1239,24,2,535,2,24,3,5,1,632,4,0,38,3,1,8,4,2,2400,5530,0,0,0,13,3,3,80,2,3,3,3,2,2,2,1,"0"
"70",1240,42,2,603,2,7,4,5,1,1292,2,0,78,4,2,8,2,2,2372,5628,6,0,0,16,3,4,80,0,18,2,3,1,0,0,0,"0"
"71",1241,35,2,755,2,9,4,5,1,496,3,0,97,2,2,8,2,2,6540,19394,9,0,0,19,3,3,80,0,10,5,3,1,1,0,0,"0"
"72",1242,44,2,200,2,29,4,5,1,1225,4,0,32,3,2,8,4,2,4541,7744,1,0,0,25,4,2,80,0,20,3,3,20,11,13,17,"0"
"73",1243,54,2,376,2,19,4,5,1,799,4,0,95,3,2,8,1,2,5485,22670,9,0,0,11,3,2,80,2,9,4,3,5,3,1,4,"0"
"74",1244,37,2,783,2,7,4,5,1,1885,4,0,78,3,2,8,1,2,4284,13588,5,0,0,22,4,3,80,1,16,2,3,5,3,0,4,"0"
"75",1245,43,2,422,2,1,3,5,1,902,4,0,33,3,2,8,4,2,5562,21782,4,0,0,13,3,2,80,1,12,2,2,5,2,2,2,"0"
"76",1246,28,2,640,2,1,3,5,1,1301,4,0,84,3,1,8,1,2,2080,4732,2,0,0,11,3,2,80,0,5,2,2,3,2,1,2,"0"
"77",1247,57,2,593,2,1,4,5,1,482,4,0,88,3,2,8,3,2,6755,2967,2,0,0,11,3,3,80,0,15,2,3,3,2,1,2,"0"
"78",1248,30,2,1312,2,2,4,5,1,1745,4,0,78,2,1,8,1,2,4968,26427,0,0,0,16,3,4,80,0,10,2,3,9,7,0,7,"0"
"79",1249,36,2,469,2,3,3,5,1,1257,3,0,46,3,1,8,2,2,3692,9256,1,0,0,12,3,3,80,0,12,2,2,11,10,0,7,"0"
"80",1250,36,2,1041,2,13,3,5,1,829,3,0,36,3,1,8,2,2,2143,25527,4,0,0,13,3,2,80,1,8,2,3,5,2,0,4,"0"
"81",1251,34,2,285,2,29,3,5,1,1377,2,0,86,3,2,8,3,2,5429,17491,4,0,0,13,3,1,80,2,10,1,3,8,7,7,7,"0"
"82",1252,34,2,216,2,1,4,5,1,1047,2,0,75,4,2,8,4,2,9725,12278,0,0,0,11,3,4,80,1,16,2,2,15,1,0,9,"0"
"83",1253,41,2,1411,2,19,2,5,1,334,3,0,36,3,2,8,1,2,3072,19877,2,0,0,16,3,1,80,2,17,2,2,1,0,0,0,"0"
"84",1254,34,2,648,2,11,3,5,1,1289,3,0,56,2,2,8,2,2,4490,21833,4,0,0,11,3,4,80,2,14,5,4,10,9,1,8,"0"
"85",1255,55,2,147,2,20,2,5,1,389,2,0,37,3,2,8,4,2,5415,15972,3,0,0,19,3,4,80,1,12,4,3,10,7,0,8,"0"
"86",1256,52,2,322,2,28,2,5,1,1401,4,0,59,4,4,8,3,2,13247,9731,2,0,0,11,3,2,80,1,24,3,2,5,3,0,2,"0"
"87",1257,34,2,419,2,7,4,5,1,28,1,0,53,3,3,8,2,2,11994,21293,0,0,0,11,3,3,80,0,13,4,3,12,6,2,11,"0"
"88",1258,52,2,771,2,2,4,5,1,329,1,0,79,2,5,8,3,2,19068,21030,1,0,0,18,3,4,80,0,33,2,4,33,7,15,12,"0"
"89",1259,49,2,1261,2,7,3,5,1,499,2,0,31,2,3,8,3,2,10965,12066,8,0,0,24,4,3,80,0,26,2,3,5,2,0,0,"0"
"90",1260,26,2,1146,2,8,3,5,1,796,4,0,38,2,2,8,1,2,5326,3064,6,0,0,17,3,3,80,0,6,2,2,4,3,1,2,"0"
"91",1261,44,2,921,2,2,3,5,1,1703,3,0,96,4,3,8,4,2,7879,14810,1,0,0,19,3,2,80,1,9,2,3,8,7,6,7,"0"
"92",1262,39,2,792,2,1,3,5,1,1737,4,0,77,3,2,8,4,2,6472,8989,1,0,0,15,3,4,80,1,9,2,3,9,8,5,8,"0"
"93",1263,27,2,1054,2,8,3,5,1,1751,3,0,67,3,1,8,4,2,3445,6152,1,0,0,11,3,3,80,0,6,5,2,6,2,1,4,"0"
"94",1264,50,2,1115,2,1,3,5,1,141,1,0,73,3,5,8,2,2,18172,9755,3,0,0,19,3,1,80,0,28,1,2,8,3,0,7,"0"
"95",1265,40,2,118,2,14,2,5,1,1598,4,0,84,3,2,8,1,2,4639,11262,1,0,0,15,3,3,80,1,5,2,3,5,4,1,2,"0"
"96",1266,39,2,766,2,20,3,5,1,1812,3,0,83,3,2,8,4,2,4127,19188,2,0,0,18,3,4,80,1,7,6,3,2,1,2,2,"0"
"97",1267,60,2,370,2,1,4,5,1,1697,3,0,92,1,3,8,4,2,10883,20467,3,0,0,20,4,3,80,1,19,2,4,1,0,0,0,"0"
"98",1268,39,2,867,2,9,2,5,1,1936,1,0,87,3,2,8,1,2,5151,12315,1,0,0,25,4,4,80,1,10,3,3,10,0,7,9,"0"
"99",1269,29,2,992,2,1,3,5,1,300,3,0,85,3,1,8,3,2,2058,19757,0,0,0,14,3,4,80,0,7,1,2,6,2,1,5,"0"
"100",1270,31,2,202,2,8,3,5,1,1433,1,0,34,2,1,8,2,2,1261,22262,1,0,0,12,3,3,80,0,1,3,4,1,0,0,0,"0"
"101",1271,41,2,896,2,6,3,5,1,298,4,0,75,3,3,8,4,2,13591,14674,3,0,0,18,3,3,80,0,16,3,3,1,0,0,0,"0"
"102",1272,30,2,829,2,1,1,5,1,292,3,0,88,2,3,8,3,2,8474,20925,1,0,0,22,4,3,80,0,12,2,3,11,8,5,8,"0"
"103",1273,25,2,1219,2,4,1,5,1,1106,4,0,32,3,1,8,4,2,3691,4605,1,0,0,15,3,2,80,1,7,3,4,7,7,5,6,"0"
"104",1274,53,2,1070,2,3,4,5,1,386,3,0,45,3,4,8,3,2,17584,21016,3,0,0,16,3,4,80,3,21,5,2,5,3,1,3,"0"
"105",1275,30,2,448,2,12,4,5,1,648,2,0,74,2,1,8,1,2,2033,14470,1,0,0,18,3,3,80,1,1,2,4,1,0,0,0,"0"
"106",1276,26,2,1066,2,2,2,5,1,1018,4,0,32,4,2,8,4,2,5472,3334,1,0,0,12,3,2,80,0,8,2,3,8,7,1,3,"0"
"107",1277,36,2,1302,2,6,4,5,1,1594,1,0,80,4,2,8,1,2,5562,19711,3,0,0,13,3,4,80,1,9,3,3,3,2,0,2,"0"
"108",1278,31,2,1079,2,10,2,5,1,1912,3,0,86,3,2,8,4,2,6583,20115,2,0,0,11,3,4,80,1,8,2,3,5,2,1,4,"0"
"109",1279,37,2,807,2,6,4,5,1,133,3,0,63,3,1,8,1,2,2073,23648,4,0,0,22,4,4,80,0,7,3,3,3,2,0,2,"0"
"110",1280,54,2,142,2,26,3,5,1,148,4,0,30,4,4,8,4,2,17328,13871,2,0,0,12,3,3,80,0,23,3,3,5,3,4,4,"0"
"111",1281,35,2,662,2,18,4,5,1,1380,4,0,67,3,2,8,3,2,4614,23288,0,0,0,18,3,3,80,1,5,0,2,4,2,3,2,"0"
"112",1282,35,2,1296,2,5,4,5,1,464,3,0,62,3,3,8,2,2,8095,18264,0,0,0,13,3,4,80,0,17,5,3,16,6,0,13,"0"
"113",1283,37,2,367,2,25,2,5,1,1161,3,0,52,2,2,8,4,2,5731,17171,7,0,0,13,3,3,80,2,9,2,3,6,2,1,3,"0"
"114",1284,38,2,1084,2,29,3,5,1,273,4,0,54,3,2,8,4,2,6261,4185,3,0,0,18,3,1,80,1,9,3,1,7,7,1,7,"0"
"115",1285,58,2,605,2,21,3,5,1,1938,4,0,72,3,4,8,4,2,17875,11761,4,0,0,13,3,3,80,1,29,2,2,1,0,0,0,"0"
"116",1286,43,2,775,2,15,3,5,1,754,4,0,47,2,2,8,4,2,6804,23683,3,0,0,18,3,3,80,1,7,5,3,2,2,2,2,"0"
"117",1287,30,2,1465,2,1,3,5,1,1241,4,0,63,3,1,8,2,2,3579,9369,0,0,0,21,4,1,80,1,12,2,3,11,9,5,7,"0"
"118",1288,29,2,121,2,27,3,5,1,283,2,0,35,3,3,8,4,2,7639,24525,1,0,0,22,4,4,80,3,10,3,2,10,4,1,9,"0"
"119",1289,24,2,1092,2,9,3,5,1,812,3,0,60,2,1,8,2,2,2694,26551,1,0,0,11,3,3,80,3,1,4,3,1,0,0,0,"0"
"120",1290,58,2,682,2,10,4,5,1,131,4,0,37,3,4,8,3,2,13872,24409,0,0,0,13,3,3,80,0,38,1,2,37,10,1,8,"0"
"121",1291,38,2,1321,2,1,4,5,1,1995,4,0,86,3,2,8,2,2,4440,7636,0,0,0,15,3,1,80,2,16,3,3,15,13,5,8,"0"
"122",1292,52,2,319,2,3,3,5,1,543,4,0,39,2,3,8,3,2,7969,19609,2,0,0,14,3,3,80,0,28,4,3,5,4,0,4,"0"
"123",1293,50,2,264,2,9,3,5,1,1591,3,0,59,3,5,8,3,2,19331,19519,4,0,0,16,3,3,80,1,27,2,3,1,0,0,0,"0"
"124",1294,36,2,884,2,23,2,5,1,2061,3,0,41,4,2,8,4,2,2571,12290,4,0,0,17,3,3,80,1,17,3,3,5,2,0,3,"0"
"125",1295,36,2,607,2,7,3,5,1,1362,1,0,83,4,2,8,1,2,4639,2261,2,0,0,16,3,4,80,1,17,2,2,15,7,6,13,"0"
"126",1296,53,2,868,2,8,3,5,1,897,1,0,73,3,4,8,4,2,11836,22789,5,0,0,14,3,3,80,1,28,3,3,2,0,2,2,"0"
"127",1297,29,2,1396,2,10,3,5,1,749,3,0,99,3,1,8,3,2,2642,2755,1,0,0,11,3,3,80,0,1,6,3,1,0,0,0,"0"
"128",1298,50,2,1099,2,29,4,5,1,569,2,0,88,2,4,8,3,2,17046,9314,0,0,0,15,3,2,80,1,28,2,3,27,10,15,7,"0"
"129",1299,54,2,821,2,5,2,5,1,522,1,0,86,3,5,8,1,2,19406,8509,4,0,0,11,3,3,80,1,24,4,2,4,2,1,2,"0"
"130",1300,36,2,894,2,1,4,5,1,1662,4,0,33,2,2,8,3,2,4374,15411,0,0,0,15,3,3,80,0,4,6,3,3,2,1,2,"0"
"131",1301,56,2,310,2,7,2,5,1,2032,4,0,72,3,1,8,3,2,2339,3666,8,0,0,11,3,4,80,1,14,4,1,10,9,9,8,"0"
"132",1302,44,2,136,2,28,3,5,1,1523,4,0,32,3,4,8,1,2,16328,22074,3,0,0,13,3,3,80,1,24,1,4,20,6,14,17,"0"
"133",1303,49,2,1091,2,1,2,5,1,431,3,0,90,2,4,8,3,2,13964,17810,7,0,0,12,3,4,80,0,25,2,3,7,1,0,7,"0"
"134",1304,32,2,414,2,2,4,5,1,1862,3,0,82,2,2,8,2,2,9907,26186,7,0,0,12,3,3,80,0,7,3,2,2,2,2,2,"0"
"135",1305,55,2,111,2,1,2,5,1,106,1,0,70,3,3,8,4,2,10239,18092,3,0,0,14,3,4,80,1,24,4,3,1,0,1,0,"0"
"136",1306,35,2,1315,2,22,3,5,1,381,2,0,71,4,3,8,2,2,11996,19100,7,0,0,18,3,2,80,1,10,6,2,7,7,6,2,"0"
"137",1307,36,2,1425,2,14,1,5,1,924,3,0,68,3,2,8,4,2,6586,4821,0,0,0,17,3,1,80,1,17,2,2,16,8,4,11,"0"
"138",1308,42,2,1210,2,2,3,5,1,1542,3,0,68,2,1,8,2,2,4841,24052,4,0,0,14,3,2,80,1,4,3,3,1,0,0,0,"0"
"139",1309,27,2,1277,2,8,5,5,1,1094,1,0,87,1,1,8,3,2,4621,5869,1,0,0,19,3,4,80,3,3,4,3,3,2,1,2,"0"
"140",1310,46,2,849,2,26,2,5,1,1801,2,0,98,2,2,8,2,2,7991,25166,8,0,0,15,3,3,80,0,6,3,3,2,2,2,2,"0"
"141",1311,45,2,194,2,9,3,5,1,206,2,0,60,3,2,8,2,2,2348,10901,8,0,0,18,3,3,80,1,20,2,1,17,9,0,15,"0"
"142",1312,42,2,570,2,8,3,5,1,809,2,0,66,3,5,8,4,2,18430,16225,1,0,0,13,3,2,80,1,24,4,2,24,7,14,9,"0"
"143",1313,40,2,448,2,16,3,5,1,1641,3,0,84,3,3,8,4,2,7945,19948,6,0,0,15,3,4,80,0,18,2,2,4,2,3,3,"0"
"144",1314,32,2,120,2,6,5,5,1,231,3,0,43,3,1,8,3,2,3038,12430,3,0,0,20,4,1,80,0,8,2,3,5,4,1,4,"0"
"145",1315,45,2,538,2,1,4,5,1,1553,1,0,66,3,3,8,2,2,7441,20933,1,0,0,12,3,1,80,3,10,4,3,10,8,7,7,"0"
"146",1316,41,2,143,2,4,3,5,1,488,1,0,56,3,2,8,2,2,9355,9558,1,0,0,18,3,3,80,0,8,5,3,8,7,7,7,"0"
"147",1317,42,2,188,2,29,3,5,1,1148,2,0,56,1,2,8,4,2,4272,9558,4,0,0,19,3,1,80,0,16,3,3,1,0,0,0,"0"
"148",1318,31,2,667,2,1,4,5,1,1427,2,0,50,1,1,8,3,2,1359,16154,1,0,0,12,3,2,80,0,1,3,3,1,0,0,0,"0"
"149",1319,28,2,1117,2,8,2,5,1,395,4,0,66,3,1,8,4,2,3310,4488,1,0,0,21,4,4,80,0,5,3,3,5,3,0,2,"0"
"150",1320,55,2,685,2,26,5,5,1,1578,3,0,60,2,5,8,4,2,19586,23037,1,0,0,21,4,3,80,1,36,3,3,36,6,2,13,"0"
"151",1321,33,2,832,2,5,4,5,1,338,3,0,63,2,1,8,4,2,2911,14776,1,0,0,13,3,3,80,1,2,2,2,2,2,0,2,"0"
"152",1322,53,2,346,2,6,3,5,1,769,4,0,86,3,2,8,4,2,2450,10919,2,0,0,17,3,4,80,0,19,4,3,2,2,2,2,"0"
"153",1323,40,2,530,2,1,4,5,1,119,3,0,78,2,4,8,2,2,13503,14115,1,0,0,22,4,4,80,1,22,3,2,22,3,11,11,"0"
"154",1324,30,2,1092,2,10,3,5,1,1816,1,0,64,3,3,8,3,2,9667,2739,9,0,0,14,3,2,80,0,9,3,3,7,7,0,2,"0"
"155",1325,40,2,804,2,2,1,5,1,763,4,0,86,2,1,8,4,2,2342,22929,0,0,0,20,4,4,80,0,5,2,2,4,2,2,3,"0"
"156",1326,31,2,329,2,1,2,5,1,530,4,0,98,2,1,8,1,2,2218,16193,1,0,0,12,3,3,80,1,4,3,3,4,2,3,2,"0"
"157",1327,34,2,999,2,26,1,5,1,1374,1,0,92,2,1,8,3,2,2029,15891,1,0,0,20,4,3,80,3,5,2,3,5,4,0,0,"0"
"158",1328,40,2,299,2,25,4,5,1,1318,4,0,57,2,3,8,2,2,9094,17235,2,0,0,12,3,3,80,0,9,2,3,5,4,1,0,"0"
"159",1329,21,2,391,2,15,2,5,1,30,3,0,96,3,1,8,4,2,1232,19281,1,0,0,14,3,4,80,0,0,6,3,0,0,0,0,"0"
"160",1330,35,2,1097,2,11,2,5,1,70,3,0,79,2,3,8,1,2,9884,8302,2,0,0,13,3,3,80,1,10,3,3,4,0,2,3,"0"
"161",1331,40,2,369,2,8,2,5,1,1724,2,0,92,3,2,8,1,2,6516,5041,2,0,0,16,3,2,80,1,18,3,3,1,0,0,0,"0"
"162",1332,28,2,1083,2,29,1,5,1,1514,3,0,96,1,2,8,2,2,6549,3173,1,0,0,14,3,2,80,2,8,2,2,8,6,1,7,"0"
"163",1333,34,2,699,2,6,1,5,1,31,2,0,83,3,1,8,1,2,2960,17102,2,0,0,11,3,3,80,0,8,2,3,4,2,1,3,"0"
"164",1334,29,2,806,2,7,3,5,1,1299,2,0,39,3,1,8,3,2,3339,17285,3,0,0,13,3,1,80,2,10,2,3,7,7,7,7,"0"
"165",1335,42,2,1265,2,3,3,5,1,894,3,0,95,4,2,8,4,2,5231,23726,2,0,0,13,3,2,80,1,17,1,2,5,3,1,3,"0"
"166",1336,29,2,1283,2,23,3,5,1,495,4,0,54,3,1,8,4,2,2201,18168,9,0,0,16,3,4,80,0,6,4,3,3,2,1,2,"0"
"167",1337,51,2,237,2,9,3,5,1,1282,4,0,83,3,5,8,2,2,19847,19196,4,0,0,24,4,1,80,1,31,5,2,29,10,11,10,"0"
"168",1338,27,2,210,2,1,1,5,1,449,3,0,73,3,2,8,2,2,6349,22107,0,0,0,13,3,4,80,1,6,0,3,5,4,1,4,"0"
"169",1339,50,2,1207,2,28,1,5,1,716,4,0,74,4,1,8,3,2,3221,3297,1,0,0,11,3,3,80,3,20,3,3,20,8,3,8,"0"
"170",1340,35,2,195,2,1,3,5,1,620,1,0,80,3,2,8,3,2,4859,6698,1,0,0,16,3,4,80,0,5,3,3,5,4,0,3,"0"
"171",1341,25,2,180,2,2,1,5,1,854,1,0,65,4,1,8,1,2,3424,21632,7,0,0,13,3,3,80,0,6,3,2,4,3,0,1,"0"
"172",1342,44,2,935,2,3,3,5,1,1333,1,0,89,3,1,8,1,2,2362,14669,4,0,0,12,3,3,80,0,10,4,4,3,2,1,2,"0"
"173",1343,27,2,975,2,7,3,5,1,764,4,0,55,2,2,8,1,2,6811,23398,8,0,0,19,3,1,80,0,9,2,1,7,6,0,7,"0"
"174",1344,38,2,1380,2,9,2,5,1,245,3,0,75,3,1,8,4,2,2288,6319,1,0,0,12,3,3,80,0,2,3,3,2,2,2,1,"0"
"175",1345,27,2,1469,2,1,2,5,1,497,4,0,82,3,1,8,2,2,3816,17881,1,0,0,11,3,2,80,1,5,2,3,5,2,0,4,"0"
"176",1346,49,2,279,2,8,1,5,1,2,3,0,61,2,2,8,2,2,5130,24907,1,0,0,23,4,4,80,1,10,3,3,10,7,1,7,"0"
"177",1347,49,2,1418,2,1,3,5,1,887,3,0,36,3,1,8,1,2,3580,10554,2,0,0,16,3,2,80,1,7,2,3,4,2,0,2,"0"
"178",1348,35,2,1349,2,7,2,5,1,1601,3,0,63,2,1,8,4,2,2690,7713,1,0,0,18,3,4,80,1,1,5,2,1,0,0,1,"0"
"179",1349,44,2,1315,2,3,4,5,1,671,4,0,35,3,5,8,4,2,19513,9358,4,0,0,12,3,1,80,1,26,2,4,2,2,0,1,"0"
"180",1350,44,2,1448,2,28,3,5,1,1039,4,0,53,4,4,8,4,2,13320,11737,3,0,0,18,3,3,80,1,23,2,3,12,11,11,11,"0"
"181",1351,26,2,575,2,1,2,5,1,792,1,0,71,1,1,8,4,2,4364,5288,3,0,0,14,3,1,80,1,5,2,3,2,2,2,0,"0"
"182",1352,43,2,1273,2,2,2,5,1,46,4,0,72,4,1,8,3,2,2645,21923,1,0,0,12,3,4,80,2,6,3,2,5,3,1,4,"0"
"183",1353,50,2,328,2,1,3,5,1,249,3,0,86,2,1,8,3,2,3690,3425,2,0,0,15,3,4,80,1,5,2,2,3,2,0,2,"0"
"184",1354,41,2,930,2,3,3,5,1,2037,3,0,57,2,2,8,2,2,8938,12227,2,0,0,11,3,3,80,1,14,5,3,5,4,0,4,"0"
"185",1355,43,2,982,2,12,3,5,1,520,1,0,59,2,4,8,2,2,14336,4345,1,0,0,11,3,3,80,1,25,3,3,25,10,3,9,"0"
"186",1356,53,2,238,2,1,1,5,1,682,4,0,34,3,2,8,1,2,8381,7507,7,0,0,20,4,4,80,0,18,2,4,14,7,8,10,"0"
"187",1357,45,2,1005,2,28,2,5,1,1719,4,0,48,2,4,8,2,2,16704,17119,1,0,0,11,3,3,80,0,21,2,3,21,6,8,6,"0"
"188",1358,20,2,805,2,3,3,5,1,1198,1,0,87,2,1,8,3,2,3033,12828,1,0,0,12,3,1,80,0,2,2,2,2,2,1,2,"0"
"189",1359,54,2,966,2,1,4,5,1,1245,4,0,53,3,3,8,3,2,10502,9659,7,0,0,17,3,1,80,1,33,2,1,5,4,1,4,"0"
"190",1360,39,2,524,2,18,2,5,1,1322,1,0,32,3,2,8,3,2,4534,13352,0,0,0,11,3,1,80,0,9,6,3,8,7,1,7,"0"
"191",1361,30,2,1334,2,4,2,5,1,121,3,0,63,2,2,8,2,2,5209,19760,1,0,0,12,3,2,80,3,11,4,2,11,8,2,7,"0"
"192",1362,39,2,170,2,3,2,5,1,1627,3,0,76,2,2,8,3,2,3069,10302,0,0,0,15,3,4,80,1,11,3,3,10,8,0,7,"0"
"193",1363,35,2,819,2,18,5,5,1,1621,2,0,48,4,2,8,1,2,5208,26312,1,0,0,11,3,4,80,0,16,2,3,16,15,1,10,"0"
"194",1364,38,2,1186,2,3,4,5,1,1060,3,0,44,3,1,8,3,2,2821,2997,3,0,0,16,3,1,80,1,8,2,3,2,2,2,2,"0"
"195",1365,25,2,622,2,13,1,5,1,645,2,0,40,3,1,8,3,2,2096,26376,1,0,0,11,3,3,80,0,7,1,3,7,4,0,6,"0"
"196",1366,29,2,738,2,9,5,5,1,455,2,0,30,2,1,8,4,2,3983,7621,0,0,0,17,3,3,80,0,4,2,3,3,2,2,2,"0"
"197",1367,34,2,988,2,23,3,5,1,590,2,0,43,3,3,8,1,2,9950,11533,9,0,0,15,3,3,80,3,11,2,3,3,2,0,2,"0"
"198",1368,31,2,979,2,1,4,5,1,308,3,0,90,1,2,8,3,2,4345,4381,0,0,0,12,3,4,80,1,6,2,3,5,4,1,4,"0"
"199",1369,51,2,770,2,5,3,5,1,1352,3,0,84,3,4,8,2,2,14026,17588,1,0,0,11,3,2,80,1,33,2,3,33,9,0,10,"0"
"200",1370,54,2,155,2,9,2,5,1,1969,1,0,67,3,2,8,3,2,2897,22474,3,0,0,11,3,3,80,2,9,6,2,4,3,2,3,"0"
"201",1371,41,2,840,2,9,3,5,1,999,1,0,64,3,5,8,3,2,19419,3735,2,0,0,17,3,2,80,1,21,2,4,18,16,0,11,"0"
"202",1372,28,2,1181,2,1,3,5,1,1799,3,0,82,3,1,8,4,2,2044,5531,1,0,0,11,3,3,80,1,5,6,4,5,3,0,3,"0"
"203",1373,39,2,1431,2,1,4,5,1,332,3,0,96,3,1,8,3,2,2232,15417,7,0,0,14,3,3,80,3,7,1,3,3,2,1,2,"0"
"204",1374,36,2,363,2,1,3,5,1,1237,3,0,77,1,3,8,1,2,10252,4235,2,0,0,21,4,3,80,1,17,2,3,7,7,7,7,"0"
"205",1375,53,2,661,2,1,4,5,1,1775,1,0,60,2,4,8,3,2,12965,22308,4,0,0,20,4,4,80,3,27,2,2,3,2,0,2,"0"
"206",1376,31,2,140,2,12,1,5,1,246,3,0,95,3,1,8,4,2,3929,6984,8,0,0,23,4,3,80,1,7,0,3,4,2,0,2,"0"
"207",1377,28,2,304,2,9,4,5,1,498,2,0,92,3,2,8,4,2,5253,20750,1,0,0,16,3,4,80,0,7,1,3,7,5,0,7,"0"
"208",1378,33,2,1283,2,2,3,5,1,1756,4,0,62,3,2,8,2,2,5147,10697,8,0,0,15,3,4,80,0,13,2,2,11,7,1,7,"0"
"209",1379,38,2,437,2,16,3,5,1,1583,2,0,90,3,2,8,2,2,4198,16379,2,0,0,12,3,2,80,0,8,5,4,3,2,1,2,"0"
"210",1380,50,2,854,2,1,4,5,1,323,4,0,68,3,5,8,4,2,19517,24118,3,0,0,11,3,3,80,1,32,3,2,7,0,0,6,"0"
"211",1381,26,2,575,2,3,1,5,1,510,3,0,73,3,1,8,1,2,3102,6582,0,0,0,22,4,3,80,0,7,2,3,6,4,0,4,"0"
"212",1382,45,2,549,2,8,4,5,1,452,4,0,75,3,2,8,4,2,3697,9278,9,0,0,14,3,1,80,2,12,3,3,10,9,9,8,"0"
"213",1383,38,2,240,2,2,4,5,1,803,1,0,75,4,2,8,1,2,5980,26085,6,0,0,12,3,4,80,0,17,2,3,15,7,4,12,"0"
"214",1384,32,2,638,2,8,2,5,1,865,3,0,91,4,2,8,3,2,5175,22162,5,0,0,12,3,3,80,1,9,3,2,5,3,1,3,"0"
"215",1385,42,2,201,2,1,4,5,1,517,2,0,95,3,1,8,1,2,2576,20490,3,0,0,16,3,2,80,1,8,5,3,5,2,1,2,"0"
"216",1386,34,2,1440,2,7,2,5,1,1541,2,0,55,3,1,8,3,2,2308,4944,0,0,0,25,4,2,80,1,12,4,3,11,10,5,7,"0"
"217",1387,29,2,598,2,9,3,5,1,1558,3,0,91,4,1,8,3,2,2451,22376,6,0,0,18,3,1,80,2,5,2,2,1,0,0,0,"0"
"218",1388,31,2,330,2,22,4,5,1,1389,4,0,98,3,2,8,3,2,6179,21057,1,0,0,15,3,4,80,2,10,3,2,10,2,6,7,"0"
"219",1389,23,2,1309,2,26,1,5,1,465,3,0,83,3,1,8,4,2,2904,16092,1,0,0,12,3,3,80,2,4,2,2,4,2,0,2,"0"
"220",1390,36,2,217,2,18,4,5,1,1133,1,0,78,3,2,8,4,2,7779,23238,2,0,0,20,4,1,80,0,18,0,3,11,9,0,9,"0"
"221",1391,30,2,570,2,5,3,5,1,456,4,0,30,2,2,8,3,2,6118,5431,1,0,0,13,3,3,80,3,10,2,3,10,9,1,2,"0"
"222",1392,29,2,1090,2,10,3,5,1,766,4,0,83,3,1,8,2,2,2297,17967,1,0,0,14,3,4,80,2,2,2,3,2,2,2,2,"0"
"223",1393,42,2,532,2,4,2,5,1,319,3,0,58,3,5,8,4,2,19232,4933,1,0,0,11,3,4,80,0,22,3,3,22,17,11,15,"0"
"224",1394,51,2,684,2,6,3,5,1,162,1,0,51,3,5,8,3,2,19537,6462,7,0,0,13,3,3,80,0,23,5,3,20,18,15,15,"0"
"225",1395,22,2,1230,2,1,2,5,1,872,4,0,33,2,2,8,4,2,4775,19146,6,0,0,22,4,1,80,2,4,2,1,2,2,2,2,"0"
"226",1396,35,2,1276,2,16,3,5,1,586,4,0,72,3,3,8,3,2,7632,14295,4,0,0,12,3,3,80,0,10,2,3,8,7,0,0,"0"
"227",1397,35,2,482,2,4,4,5,1,1350,3,0,87,3,2,8,3,2,4249,2690,1,0,0,11,3,2,80,0,9,3,3,9,6,1,1,"0"
"228",1398,35,2,1199,2,18,4,5,1,2049,3,0,80,3,2,8,3,2,5689,24594,1,0,0,14,3,4,80,2,10,2,4,10,2,0,2,"0"
"229",1399,40,2,1124,2,1,2,5,1,453,2,0,57,1,2,8,4,2,7457,13273,2,0,0,22,4,3,80,3,6,2,2,4,3,0,2,"0"
"230",1400,37,2,1107,2,14,3,5,1,515,4,0,95,3,1,8,1,2,3034,26914,1,0,0,12,3,3,80,1,18,2,2,18,7,12,17,"0"
"231",1401,35,2,104,2,2,3,5,1,1569,1,0,69,3,1,8,1,2,2074,26619,1,0,0,12,3,4,80,1,1,2,3,1,0,0,0,"0"
"232",1402,25,2,141,2,3,1,5,1,879,3,0,98,3,2,8,1,2,4194,14363,1,0,0,18,3,4,80,0,5,3,3,5,3,0,3,"0"
"233",1403,44,2,1199,2,4,2,5,1,1288,3,0,92,4,5,8,1,2,19190,17477,1,0,0,14,3,4,80,2,26,4,2,25,9,14,13,"0"
"234",1404,35,2,144,2,22,3,5,1,577,4,0,46,1,1,8,3,2,4230,19225,0,0,0,15,3,3,80,0,6,2,3,5,4,4,3,"0"
"235",1405,31,2,754,2,26,4,5,1,1967,1,0,63,3,2,8,4,2,5617,21075,1,0,0,11,3,3,80,0,10,4,3,10,7,0,8,"0"
"236",1406,35,2,1258,2,1,4,5,1,826,4,0,40,4,1,8,3,2,2506,13301,3,0,0,13,3,3,80,0,7,0,3,2,2,2,2,"0"
"237",1407,33,2,924,2,2,3,5,1,39,3,0,78,3,1,8,4,2,2496,6670,4,0,0,11,3,4,80,0,7,3,3,1,1,0,0,"0"
"238",1408,29,2,441,2,8,1,5,1,1544,3,0,39,1,2,8,1,2,9715,7288,3,0,0,13,3,3,80,1,9,3,3,7,7,0,7,"0"
"239",1409,55,2,452,2,1,3,5,1,374,4,0,81,3,5,8,1,2,19045,18938,0,0,0,14,3,3,80,0,37,2,3,36,10,4,13,"0"
"240",1410,55,2,1117,2,18,5,5,1,597,1,0,83,3,4,8,2,2,16835,9873,3,0,0,23,4,4,80,0,37,2,3,10,9,7,7,"0"
"241",1411,22,2,581,2,1,2,5,1,2007,4,0,63,3,1,8,3,2,3375,17624,0,0,0,12,3,4,80,0,4,2,4,3,2,1,2,"0"
"242",1412,32,2,953,2,5,4,5,1,1764,2,0,65,3,1,8,2,2,2718,17674,2,0,0,14,3,2,80,0,12,3,3,7,7,0,7,"0"
"243",1413,50,2,1464,2,2,4,5,1,1061,2,0,62,3,5,8,3,2,19237,12853,2,0,0,11,3,4,80,1,29,2,2,8,1,7,7,"0"
"244",1414,36,2,1174,2,3,4,5,1,1425,1,0,99,3,2,8,2,2,9278,20763,3,0,0,16,3,4,80,0,15,3,3,5,4,0,1,"0"
"245",1415,40,2,1395,2,26,3,5,1,202,2,0,54,3,2,8,2,2,5605,8504,1,0,0,11,3,1,80,1,20,2,3,20,7,2,13,"0"
"246",1416,33,2,827,2,1,4,5,1,998,3,0,84,4,2,8,2,2,5488,20161,1,0,0,13,3,1,80,1,6,2,3,6,5,1,2,"0"
"247",1417,31,2,523,2,2,3,5,1,1464,2,0,94,3,1,8,4,2,3722,21081,6,0,0,13,3,3,80,1,7,2,1,2,2,2,2,"0"
"248",1418,26,2,991,2,6,3,5,1,686,3,0,71,3,1,8,4,2,2659,17759,1,0,0,13,3,3,80,1,3,2,3,3,2,0,2,"0"
"249",1419,31,2,1445,2,1,5,5,1,1459,3,0,100,4,3,8,2,2,7446,8931,1,0,0,11,3,1,80,0,10,2,3,10,8,4,7,"0"
"250",1420,35,2,735,2,6,1,5,1,1291,3,0,66,3,1,8,3,2,3506,6020,0,0,0,14,3,4,80,0,4,3,3,3,2,2,2,"0"
"251",1421,33,2,1017,2,25,3,5,1,1108,1,0,55,2,1,8,2,2,2313,2993,4,0,0,20,4,2,80,0,5,0,3,2,2,2,2,"0"
"252",1422,41,2,247,2,7,1,5,1,1035,2,0,55,1,5,8,3,2,19973,20284,1,0,0,22,4,2,80,2,21,3,3,21,16,5,10,"0"
"253",1423,41,2,427,2,10,4,5,1,731,2,0,73,2,5,8,4,2,19141,8861,3,0,0,15,3,2,80,3,23,2,2,21,6,12,6,"0"
"254",1424,27,2,443,2,3,3,5,1,850,4,0,50,3,1,8,4,2,1706,16571,1,0,0,11,3,3,80,3,0,6,2,0,0,0,0,"0"
"255",1425,46,2,406,2,3,1,5,1,1124,1,0,52,3,4,8,3,2,17465,15596,3,0,0,12,3,4,80,1,23,3,3,12,9,4,9,"0"
"256",1426,50,2,1046,2,10,3,5,1,491,4,0,100,2,3,8,4,2,10496,2755,6,0,0,15,3,4,80,0,20,2,3,4,3,1,3,"0"
"257",1427,45,2,1199,2,7,4,5,1,341,1,0,77,4,2,8,3,2,6434,5118,4,0,0,17,3,4,80,1,9,1,3,3,2,0,2,"0"
"258",1428,30,2,879,2,9,2,5,1,1298,3,0,72,3,2,8,3,2,4695,12858,7,0,0,18,3,3,80,0,10,3,3,8,4,1,7,"0"
"259",1429,26,2,950,2,4,4,5,1,401,4,0,48,2,2,8,4,2,5828,8450,1,0,0,12,3,2,80,0,8,0,3,8,7,7,4,"0"
"260",1430,40,2,1137,2,1,4,5,1,1892,1,0,98,3,4,8,1,2,16823,18991,2,0,0,11,3,1,80,1,22,3,3,19,7,11,16,"0"
"261",1431,55,2,1136,2,1,4,5,1,1424,2,0,81,4,4,8,4,2,14732,12414,2,0,0,13,3,4,80,2,31,4,4,7,7,0,0,"0"
"262",1432,31,2,587,2,2,4,5,1,1324,4,0,57,3,3,8,3,2,9852,8935,1,0,0,19,3,1,80,1,10,5,2,10,8,9,6,"0"
"263",1433,33,2,722,2,17,3,5,1,992,4,0,38,3,4,8,3,2,17444,20489,1,0,0,11,3,4,80,0,10,2,3,10,8,6,0,"0"
"264",1434,50,2,878,2,1,4,5,1,2044,2,0,94,3,2,8,3,2,6728,14255,7,0,0,12,3,4,80,2,12,3,3,6,3,0,1,"0"
"265",1435,24,2,673,2,11,2,5,1,26,1,0,96,4,2,8,3,2,4011,8232,0,0,0,18,3,4,80,1,5,5,2,4,2,1,3,"0"
"266",1436,45,2,950,2,28,3,5,1,1546,4,0,97,3,1,8,4,2,2132,4585,4,0,0,20,4,4,80,1,8,3,3,5,4,0,3,"0"
"267",1437,53,2,1395,2,24,4,5,1,1689,2,0,48,4,3,8,4,2,7005,3458,3,0,0,15,3,3,80,0,11,2,3,4,3,1,2,"0"
"268",1438,31,2,525,2,6,4,5,1,653,1,0,66,4,2,8,4,2,5460,6219,4,0,0,22,4,4,80,2,13,4,4,7,7,5,7,"0"
"269",1439,39,2,592,2,2,3,5,1,1458,1,0,54,2,1,8,1,2,3646,17181,2,0,0,23,4,2,80,0,11,2,4,1,0,0,0,"0"
"270",1440,35,2,583,2,25,4,5,1,1014,3,0,57,3,3,8,3,2,10388,6975,1,0,0,11,3,3,80,1,16,3,2,16,10,10,1,"0"
"271",1441,38,2,723,2,2,4,5,1,1835,2,0,77,1,2,8,4,2,5405,4244,2,0,0,20,4,1,80,2,20,4,2,4,2,0,3,"0"
"272",1442,23,2,1243,2,6,3,5,1,811,3,0,63,4,1,8,1,2,1601,3445,1,0,0,21,4,3,80,2,1,2,3,0,0,0,0,"0"
"273",1443,31,2,325,2,5,3,5,1,2057,2,0,74,3,2,8,1,2,9936,3787,0,0,0,19,3,2,80,0,10,2,3,9,4,1,7,"0"
"274",1444,21,2,156,2,12,3,5,1,494,3,0,90,4,1,8,2,2,2716,25422,1,0,0,15,3,4,80,0,1,0,3,1,0,0,0,"0"
"275",1445,19,2,489,2,2,2,5,1,566,1,0,52,2,1,8,4,2,2564,18437,1,0,0,12,3,3,80,0,1,3,4,1,0,0,0,"0"
"276",1446,29,2,592,2,7,3,5,1,1883,4,0,59,3,1,8,1,2,2062,19384,3,0,0,14,3,2,80,0,11,2,3,3,2,1,2,"0"
"277",1447,26,2,1283,2,1,3,5,1,956,3,0,52,2,2,8,1,2,4294,11148,1,0,0,12,3,2,80,0,7,2,3,7,7,0,7,"0"
"278",1448,43,2,574,2,11,3,5,1,1971,1,0,30,3,3,8,3,2,7510,16873,1,0,0,17,3,2,80,1,10,1,3,10,9,0,9,"0"
"279",1449,32,2,371,2,19,3,5,1,1739,4,0,80,1,3,8,3,2,9610,3840,3,0,0,13,3,3,80,1,10,2,1,4,3,0,2,"0"
"280",1450,22,2,534,2,15,3,5,1,144,2,0,59,3,1,8,4,2,2871,23785,1,0,0,15,3,3,80,0,1,5,3,0,0,0,0,"0"
"281",1451,28,2,1404,2,17,3,5,1,1960,3,0,32,2,1,8,4,2,2367,18779,5,0,0,12,3,1,80,1,6,2,2,4,1,0,3,"0"
"282",1452,29,2,806,2,1,4,5,1,710,2,0,76,1,1,8,4,2,2720,18959,1,0,0,18,3,4,80,1,10,5,3,10,7,2,8,"0"
"283",1453,54,2,1082,2,2,4,5,1,1070,3,0,41,2,3,8,3,2,10686,8392,6,0,0,11,3,2,80,1,13,4,3,9,4,7,0,"0"
"284",1454,56,2,1240,2,9,3,5,1,1071,1,0,63,3,1,8,3,2,2942,12154,2,0,0,19,3,2,80,1,18,4,3,5,4,0,3,"0"
"285",1455,29,2,115,2,13,3,5,1,1487,1,0,51,3,2,8,2,2,5765,17485,5,0,0,11,3,1,80,0,7,4,1,5,3,0,0,"0"
"286",1456,23,2,1320,2,8,1,5,1,1684,4,0,93,2,1,8,3,2,3989,20586,1,0,0,11,3,1,80,0,5,2,3,5,4,1,2,"0"
"287",1457,41,2,1085,2,2,4,5,1,927,2,0,57,1,1,8,4,2,2778,17725,4,0,0,13,3,3,80,1,10,1,2,7,7,1,0,"0"
"288",1458,27,2,1220,2,5,3,5,1,434,3,0,85,3,1,8,2,2,2478,20938,1,0,0,12,3,2,80,0,4,2,2,4,3,1,2,"0"
"289",1459,44,2,920,2,24,3,5,1,392,4,0,43,3,1,8,3,2,3161,19920,3,0,0,22,4,4,80,1,19,0,1,1,0,0,0,"0"
"290",1460,22,2,604,2,6,1,5,1,675,1,0,69,3,1,8,3,2,2773,12145,0,0,0,20,4,4,80,0,3,3,3,2,2,2,2,"0"
"291",1461,44,2,625,2,4,3,5,1,852,4,0,50,3,2,8,2,2,5933,5197,9,0,0,12,3,4,80,0,10,2,2,5,2,2,3,"0"
"292",1462,37,2,571,2,10,1,5,1,802,4,0,82,3,1,8,1,2,2782,19905,0,0,0,13,3,2,80,2,6,3,2,5,3,4,3,"0"
"293",1463,30,2,241,2,7,3,5,1,1609,2,0,48,2,1,8,2,2,2141,5348,1,0,0,12,3,2,80,1,6,3,2,6,4,1,1,"0"
"294",1464,49,2,1023,2,2,3,5,1,2065,4,0,63,2,2,8,2,2,5390,13243,2,0,0,14,3,4,80,0,17,3,2,9,6,0,8,"0"
"295",1465,26,2,474,2,3,3,5,1,1581,1,0,89,3,1,8,4,2,2061,11133,1,0,0,21,4,1,80,0,1,5,3,1,0,0,0,"0"
"296",1466,36,2,938,2,2,4,5,1,958,3,0,79,3,1,8,3,2,2519,12287,4,0,0,21,4,3,80,0,16,6,3,11,8,3,9,"0"
"297",1467,32,2,1093,2,6,4,5,1,125,2,0,87,3,2,8,3,2,5010,24301,1,0,0,16,3,1,80,0,12,0,3,11,8,5,7,"0"
"298",1468,26,2,1357,2,25,3,5,1,55,1,0,48,1,1,8,3,2,2293,10558,1,0,0,12,3,3,80,0,1,2,2,1,0,0,1,"0"
"299",1469,45,2,252,2,1,3,5,1,336,3,0,70,4,5,8,4,2,19202,15970,0,0,0,11,3,3,80,1,25,2,3,24,0,1,7,"0"
"300",1470,47,2,249,2,2,2,5,1,903,3,0,35,3,2,8,4,2,4537,17783,0,0,0,22,4,1,80,1,8,2,3,7,6,7,7,"0"
